<?xml version="1.0" encoding="iso-8859-1"?>
<manifest xmlns="http://www.imsproject.org/content" xmlns:webct="http://www.webct.com/IMS" identifier="MANIFEST01">
  <metadata>
    <schema>WebCT Content</schema>
    <schemaversion>2.0</schemaversion>
    <lom xmlns="http://www.imsproject.org/metadata">
      <educational>
        <learningresourcetype>
          <source>
            <langstring xml:lang="x-none">WebCT</langstring>
          </source>
          <value>
            <langstring xml:lang="x-none">Content Module</langstring>
          </value>
        </learningresourcetype>
      </educational>
      <lifecycle/>
      <general>
        <title>
          <langstring>pp0.docx</langstring>
        </title>
      </general>
      <rights/>
    </lom>
  </metadata>
  <organizations default="MANIFEST01_ORG1">
    <organization identifier="MANIFEST01_ORG1">
      <item identifier="MANIFEST01_ITEM01" identifierref="MANIFEST01_RESOURCE01" isvisible="1" parameters="">
        <title>Page 01</title>
      </item>
    </organization>
  </organizations>
  <resources>
    <resource identifier="MANIFEST01_RESOURCE01" type="webcontent" href="pp_01.htm">
      <file href="pp_01.htm"/>
    </resource>
  </resources>
</manifest>
